Question,optionA,optionB,optionC,optionD,Answer
What's the first step to creating a budget?,Track spending,Set financial goals,Calculate income,Reduce expenses,A
Which investment typically offers the highest return but also the highest risk?,Stocks,Bonds,Real estate,Savings account,A
What does 'diversification' mean in investing?,Putting all eggs in one basket,Spreading investments across different assets,Investing only in safe options,Selling investments regularly,B
How can you improve your credit score?,Max out credit cards,Pay bills late,Dispute inaccurate information,Ignore credit reports,C
What's the 'rule of 72'?,Calculates investment returns,Determines loan interest rate,Estimates doubling time of investment,Measures financial risk,C
How often should you review your financial goals?,Annually,Monthly,Weekly,Never,A
What's the best way to save for a down payment on a house?,Use a credit card,Withdraw from retirement account,Open a high-yield savings account,Borrow from friends,C
Which type of insurance protects your income in case of disability?,Health insurance,Life insurance,Disability insurance,Homeowners insurance,C
What's the difference between gross and net income?,"Gross is after taxes, net is before","Gross is before taxes, net is after",Both are the same,There's no difference,B
How can you reduce your tax liability legally?,Claim false deductions,Avoid filing a tax return,Contribute to retirement accounts,Underreport income,C
What is 'inflation'?,Increase in purchasing power,Decrease in prices,Rise in general price level,Economic recession,C
How can you start investing with a small amount of money?,Buy expensive stocks,Invest in cryptocurrency,Use a robo-advisor,Ignore investing,C
What is the purpose of an emergency fund?,Cover unexpected expenses,Invest for retirement,Pay off high-interest debt,Fund a vacation,A
Which retirement account offers tax advantages for self-employed individuals?,401(k),IRA,SEP IRA,Roth IRA,C
What is the best way to pay off credit card debt?,Balance transfer,Minimum payments,Debt consolidation,Avalanche method,D
How can you increase your earning potential?,Spend more money,Change careers,Get additional education,Stop saving,C
What is the time value of money?,Money loses value over time,Money gains value over time,Money is always worth the same,Inflation doesn't matter,A
How can you build good credit history?,Use a secured credit card,Pay bills on time,Avoid debt altogether,Max out credit cards,B
What is the difference between needs and wants?,"Wants are essential, needs are desires","Needs are essential, wants are desires",There's no difference,Both are equally important,B
How can you avoid impulse buying?,Use cash only,Create a shopping list,Wait 24 hours,Ignore sales,B
What is the importance of financial planning?,Achieve short-term goals,Secure financial future,Reduce stress,All of the above,D
How can you protect yourself from identity theft?,Share personal information online,Use weak passwords,Monitor credit reports,Ignore suspicious emails,C
What is the benefit of compound interest?,Interest earned on interest,Faster way to save,Lower taxes,Guaranteed returns,A
How can you negotiate a better salary?,Accept the first offer,Research industry standards,Underestimate your worth,Blame previous employer,B
What is a good debt-to-income ratio?,Above 50%,Below 36%,Between 40-45%,There's no ideal ratio,B
How can you teach your children about money?,Let them handle all finances,Allow unlimited spending,Explain the value of money,Ignore financial education,C
What is the importance of estate planning?,Avoid paying taxes,Ensure assets are distributed as desired,Control finances from the grave,Create financial burdens for heirs,B
How can you prepare for retirement?,Start saving early,Increase contributions,Diversify investments,All of the above,D
What is the role of insurance in financial planning?,Protect against unexpected losses,Guarantee investment returns,Replace lost income,Cover all expenses,A
How can you overcome financial setbacks?,Blame others,Give up on financial goals,Create a new budget,Ignore the problem,C
What is the benefit of having a diversified investment portfolio?,Reduce risk,Increase returns,Simplify investment management,Guarantee profits,A
How can you find a financial advisor?,Choose randomly,Rely on online reviews,Get referrals,Accept the first offer,C
What is the importance of setting financial goals?,Track progress,Stay motivated,Measure success,All of the above,D
How can you save money on housing costs?,Buy a bigger house,Rent a more expensive apartment,Become a homeowner,Negotiate rent or mortgage,D
What is the role of budgeting in financial success?,Track spending,Control spending,Save money,All of the above,D
How can you increase your income?,Get a second job,Start a side hustle,Ask for a raise,All of the above,D
What is the importance of financial literacy?,Make informed decisions,Achieve financial goals,Build wealth,All of the above,D
How can you reduce your living expenses?,Eat out more,Buy new clothes frequently,Cook at home,Use public transportation,D
What is the role of credit scores in financial life?,Determine interest rates,Qualify for loans,Rent apartments,All of the above,D
What's a key principle of personal finance?,Spend more than you earn,Save for the future,Rely on credit,Live for today,B
"Which is an example of a ""need""?",Housing,Latest smartphone,Designer clothes,Expensive vacation,A
What's the first step in creating a budget?,Track expenses,Set financial goals,Open a savings account,Invest in stocks,A
What's the benefit of an emergency fund?,Covers unexpected costs,Funds retirement,Buys a new car,Pays for a vacation,A
Which is a liquid asset?,Cash,House,Car,Retirement account,A
What's the impact of high interest rates on loans?,Increases borrowing costs,Decreases borrowing costs,No impact,Varies by lender,A
What's the advantage of compound interest?,Grows savings faster,Slows down savings,Only applies to investments,Has no impact,A
Which investment typically has the highest risk?,Stocks,Bonds,Savings accounts,Real estate,A
What's the goal of diversification?,Reduce risk,Maximize returns,Avoid taxes,Simplify investing,A
When should you start saving for retirement?,As early as possible,After buying a house,In your 50s,When you get a raise,A
What's a 401(k)?,Retirement savings plan,Health insurance,Bank account,Investment fund,A
Which tax-advantaged account is for education savings?,529 plan,IRA,401(k),HSA,A
What's the impact of inflation on your money?,Decreases purchasing power,Increases purchasing power,No impact,Depends on investments,A
How can you protect yourself from identity theft?,Shred sensitive documents,Use strong passwords,Monitor accounts regularly,All of the above,D
What's the purpose of insurance?,Protects against financial loss,Guarantees profit,Replaces savings,Provides tax benefits,A
Which insurance is often required by law?,Health,Life,Auto,Homeowners,C
What's covered by renter's insurance?,Personal belongings,Building damage,Landlord's liability,All of the above,A
What's the purpose of a will?,Distributes assets after death,Avoids probate,Minimizes taxes,All of the above,A
Who needs estate planning?,Everyone,Only the wealthy,Only the elderly,Only those with children,A
What's the role of a financial advisor?,Provides financial guidance,Sells financial products,Manages investments,All of the above,D
How are fee-only advisors compensated?,Directly by clients,By commissions,By investment companies,By the government,A
What's a red flag of a financial scam?,Guaranteed high returns,Unsolicited offers,Pressure to act quickly,All of the above,D
What's the foundation of financial well-being?,Budgeting,Saving,Investing,All of the above,D
What is the primary goal of creating a budget?,To track income and expenses,To eliminate all spending,To maximize savings,To increase debt,A
Which of the following is an example of a fixed expense?,Rent,Groceries,Entertainment,Dining out,A
What is the recommended percentage of income to save each month?,At least 20%,10%,5%,It depends on your goals,A
Which of the following is NOT a good way to reduce debt?,Making extra payments,Consolidating high-interest debt,Transferring balances to low-interest credit cards,Using credit cards to pay off other credit cards,D
What is the most important factor in determining your credit score?,Payment history,Credit utilization,Length of credit history,Types of credit used,A
What is the benefit of having a good credit score?,Lower interest rates on loans,Easier approval for credit cards and loans,Better insurance rates,All of the above,D
Which of the following is NOT a type of investment?,Stocks,Bonds,Mutual funds,Checking account,D
What is the relationship between risk and return in investing?,Higher risk generally leads to higher potential returns,Lower risk generally leads to higher potential returns,There is no relationship between risk and return,Higher risk always leads to higher returns,A
What is the purpose of diversification in investing?,To reduce risk by spreading investments across different asset classes,To guarantee high returns,To avoid paying taxes on investments,To simplify the investment process,A
What is the difference between a traditional IRA and a Roth IRA?,"Traditional IRA contributions are tax-deductible, while Roth IRA contributions are made with after-tax dollars","Roth IRA contributions are tax-deductible, while traditional IRA contributions are made with after-tax dollars",There is no difference between the two,Traditional IRAs are better for everyone,A
What is the earliest age you can typically start withdrawing from a retirement account without penalty?,59 ½,62,65,70 ½,A
What is the purpose of life insurance?,To provide financial support to your beneficiaries in the event of your death,To provide income during retirement,To cover medical expenses,To protect your assets from lawsuits,A
Which type of life insurance policy provides coverage for a specific period?,Term life insurance,Whole life insurance,Universal life insurance,Variable life insurance,A
What is the purpose of disability insurance?,To replace a portion of your income if you become unable to work due to illness or injury,To cover medical expenses related to a disability,To provide long-term care in a nursing home,To pay off your mortgage if you become disabled,A
What is the difference between a health maintenance organization (HMO) and a preferred provider organization (PPO)?,"HMOs require you to choose a primary care physician and get referrals for specialists, while PPOs offer more flexibility in choosing providers","PPOs require you to choose a primary care physician and get referrals for specialists, while HMOs offer more flexibility in choosing providers",There is no difference between the two,HMOs are always more expensive than PPOs,A
What is the purpose of homeowners insurance?,To protect your home and belongings from damage or theft,To provide liability coverage in case someone is injured on your property,To cover the cost of temporary housing if your home is uninhabitable,All of the above,D
What is the difference between collision and comprehensive auto insurance?,"Collision covers damage to your car in an accident, while comprehensive covers other types of damage, such as theft or natural disasters","Comprehensive covers damage to your car in an accident, while collision covers other types of damage, such as theft or natural disasters",There is no difference between the two,Collision is always more expensive than comprehensive,A
What is the purpose of an umbrella insurance policy?,To provide additional liability coverage beyond the limits of your other insurance policies,To protect your home from floods and earthquakes,To cover the cost of long-term care,To provide income during retirement,A
What is the difference between a Chapter 7 and a Chapter 13 bankruptcy?,"Chapter 7 involves liquidating assets to pay off debts, while Chapter 13 involves creating a repayment plan","Chapter 13 involves liquidating assets to pay off debts, while Chapter 7 involves creating a repayment plan",There is no difference between the two,Chapter 7 is always better than Chapter 13,A
What is the most common type of identity theft?,Credit card fraud,Tax identity theft,Medical identity theft,Child identity theft,A
How can you protect yourself from phishing scams?,Be wary of unsolicited emails and texts,Don't click on links or download attachments from unknown senders,Never give out your personal information over the phone or online unless you initiated the contact,All of the above,D
What is the best way to teach children about money?,Give them an allowance and let them make their own spending decisions,Open a savings account for them and encourage them to save,Talk to them openly about money and involve them in financial decisions,All of the above,D