Financial Challenges,Financial Habits,Financial Values
Lack of savings,"Saving regularly, Creating a budget",Balance
Unexpected expenses,"Investing, Avoiding impulse purchases",Growth
Overspending,"Investing, Tracking expenses",Security
Lack of savings,Investing,Giving back
Lack of savings,"Tracking expenses, Investing",Balance
High debt,Tracking expenses,Giving back
High debt,Creating a budget,Giving back
Lack of savings,Tracking expenses,"Security, Balance"
Lack of savings,"Saving regularly, Avoiding impulse purchases",Balance
Unexpected expenses,"Saving regularly, Investing",Balance
Low income,Avoiding impulse purchases,Balance
Low income,"Avoiding impulse purchases, Creating a budget",Freedom
Overspending,Saving regularly,"Freedom, Growth"
Low income,"Investing, Tracking expenses","Balance, Giving back"
Overspending,Investing,Growth
Lack of savings,"Creating a budget, Tracking expenses","Growth, Freedom"
High debt,Avoiding impulse purchases,"Balance, Security"
Low income,"Investing, Avoiding impulse purchases",Growth
Low income,"Avoiding impulse purchases, Saving regularly","Growth, Freedom"
Unexpected expenses,"Saving regularly, Avoiding impulse purchases",Security